행정기관코드,행정기관,총 인구수,연령구간인구수,0~9세,10~19세,20~29세,30~39세,40~49세,50~59세,60~69세,70~79세,80~89세,90~99세,100세 이상,남 인구수,남 연령구간인구수,남 0~9세,남 10~19세,남 20~29세,남 30~39세,남 40~49세,남 50~59세,남 60~69세,남 70~79세,남 80~89세,남 90~99세,남 100세 이상,여 인구수,여 연령구간인구수,여 0~9세,여 10~19세,여 20~29세,여 30~39세,여 40~49세,여 50~59세,여 60~69세,여 70~79세,여 80~89세,여 90~99세,여 100세 이상
4800000000,경상남도  ,"3,351,347","3,351,347","278,992","328,148","382,204","413,442","540,178","584,327","442,255","242,664","121,840","16,527",770,"1,687,289","1,687,289","143,574","171,960","212,058","215,883","278,340","297,968","219,855","106,545","37,787","3,163",156,"1,664,058","1,664,058","135,418","156,188","170,146","197,559","261,838","286,359","222,400","136,119","84,053","13,364",614
4812000000,경상남도 창원시 ,"1,040,773","1,040,773","86,079","101,411","132,030","137,557","169,124","188,082","135,480","62,000","25,559","3,273",178,"527,377","527,377","44,533","53,229","73,297","72,551","85,735","93,532","67,146","28,368","8,305",640,41,"513,396","513,396","41,546","48,182","58,733","65,006","83,389","94,550","68,334","33,632","17,254","2,633",137
4812100000,경상남도 창원시 의창구 ,"262,729","262,729","22,031","24,096","36,432","35,880","41,325","50,907","32,654","13,035","5,588",747,34,"133,709","133,709","11,363","12,697","20,220","18,850","20,818","25,136","16,624","6,148","1,721",126,6,"129,020","129,020","10,668","11,399","16,212","17,030","20,507","25,771","16,030","6,887","3,867",621,28
4812125000,경상남도 창원시 의창구 동읍,"20,418","20,418","1,285","1,987","2,363","1,919","3,324","3,977","3,021","1,644",795,100,3,"10,405","10,405",660,"1,066","1,385","1,005","1,723","2,057","1,521",737,242,9,0,"10,013","10,013",625,921,978,914,"1,601","1,920","1,500",907,553,91,3
4812131000,경상남도 창원시 의창구 북면,"42,698","42,698","6,607","3,482","4,015","8,332","6,806","6,146","4,468","1,792",912,132,6,"21,572","21,572","3,420","1,786","2,174","4,084","3,663","2,967","2,337",865,256,19,1,"21,126","21,126","3,187","1,696","1,841","4,248","3,143","3,179","2,131",927,656,113,5
4812132000,경상남도 창원시 의창구 대산면,"7,331","7,331",272,433,693,670,851,"1,387","1,541",918,492,72,2,"3,728","3,728",157,240,389,412,495,712,785,390,132,15,1,"3,603","3,603",115,193,304,258,356,675,756,528,360,57,1
4812151000,경상남도 창원시 의창구 의창동,"50,727","50,727","4,418","4,753","7,211","7,276","7,882","9,779","6,071","2,327",882,121,7,"25,715","25,715","2,245","2,478","3,956","3,866","3,911","4,795","3,037","1,121",286,19,1,"25,012","25,012","2,173","2,275","3,255","3,410","3,971","4,984","3,034","1,206",596,102,6
4812152000,경상남도 창원시 의창구 팔룡동,"36,855","36,855","3,024","3,932","5,536","5,148","6,246","7,425","3,820","1,185",477,59,3,"18,878","18,878","1,529","2,083","3,084","2,709","3,036","3,690","2,018",571,148,10,0,"17,977","17,977","1,495","1,849","2,452","2,439","3,210","3,735","1,802",614,329,49,3
4812153000,경상남도 창원시 의창구 명곡동,"43,391","43,391","2,565","4,292","6,930","4,441","6,914","9,531","5,642","2,148",824,97,7,"22,042","22,042","1,337","2,264","3,782","2,347","3,387","4,740","2,866","1,009",286,23,1,"21,349","21,349","1,228","2,028","3,148","2,094","3,527","4,791","2,776","1,139",538,74,6
4812154000,경상남도 창원시 의창구 봉림동,"30,761","30,761","1,629","2,336","4,863","3,913","4,483","6,372","4,632","1,749",694,85,5,"16,029","16,029",820,"1,232","2,794","2,253","2,335","3,185","2,331",848,215,15,1,"14,732","14,732",809,"1,104","2,069","1,660","2,148","3,187","2,301",901,479,70,4
4812155000,경상남도 창원시 의창구 용지동,"30,548","30,548","2,231","2,881","4,821","4,181","4,819","6,290","3,459","1,272",512,81,1,"15,340","15,340","1,195","1,548","2,656","2,174","2,268","2,990","1,729",607,156,16,1,"15,208","15,208","1,036","1,333","2,165","2,007","2,551","3,300","1,730",665,356,65,0
4812300000,경상남도 창원시 성산구 ,"217,430","217,430","17,354","23,771","33,160","30,221","36,675","43,970","22,249","6,695","2,884",430,21,"111,068","111,068","8,865","12,613","18,379","16,089","17,470","21,620","11,964","3,174",803,85,6,"106,362","106,362","8,489","11,158","14,781","14,132","19,205","22,350","10,285","3,521","2,081",345,15
4812351000,경상남도 창원시 성산구 반송동,"42,496","42,496","3,365","5,437","5,929","4,755","7,647","8,490","4,663","1,525",591,87,7,"21,507","21,507","1,727","2,881","3,344","2,380","3,567","4,201","2,478",731,186,11,1,"20,989","20,989","1,638","2,556","2,585","2,375","4,080","4,289","2,185",794,405,76,6
4812352000,경상남도 창원시 성산구 중앙동,"23,129","23,129","1,329","1,492","4,477","4,318","3,678","4,261","2,451",773,289,57,4,"12,609","12,609",723,794,"2,474","2,541","2,049","2,253","1,268",391,99,14,3,"10,520","10,520",606,698,"2,003","1,777","1,629","2,008","1,183",382,190,43,1
4812353000,경상남도 창원시 성산구 상남동,"28,573","28,573","2,219","3,543","4,328","3,625","4,856","6,143","2,722",727,343,64,3,"14,374","14,374","1,114","1,893","2,402","1,882","2,210","2,937","1,488",340,93,14,1,"14,199","14,199","1,105","1,650","1,926","1,743","2,646","3,206","1,234",387,250,50,2
4812354000,경상남도 창원시 성산구 사파동,"46,393","46,393","3,740","4,982","6,758","6,700","7,963","9,250","4,797","1,444",659,95,5,"23,118","23,118","1,894","2,612","3,674","3,489","3,713","4,320","2,607",626,164,19,0,"23,275","23,275","1,846","2,370","3,084","3,211","4,250","4,930","2,190",818,495,76,5
4812355000,경상남도 창원시 성산구 가음정동,"41,837","41,837","3,901","4,261","6,376","6,302","6,793","8,454","4,023","1,138",514,73,2,"21,237","21,237","1,976","2,232","3,502","3,332","3,219","4,132","2,181",518,132,12,1,"20,600","20,600","1,925","2,029","2,874","2,970","3,574","4,322","1,842",620,382,61,1
4812356000,경상남도 창원시 성산구 성주동,"26,922","26,922","2,276","3,258","4,244","3,481","4,463","5,903","2,440",562,270,25,0,"13,984","13,984","1,178","1,775","2,342","1,853","2,060","3,036","1,375",303,57,5,0,"12,938","12,938","1,098","1,483","1,902","1,628","2,403","2,867","1,065",259,213,20,0
4812357000,경상남도 창원시 성산구 웅남동,"8,080","8,080",524,798,"1,048","1,040","1,275","1,469","1,153",526,218,29,0,"4,239","4,239",253,426,641,612,652,741,567,265,72,10,0,"3,841","3,841",271,372,407,428,623,728,586,261,146,19,0
4812500000,경상남도 창원시 마산합포구 ,"175,239","175,239","12,691","13,892","19,262","20,803","25,605","29,826","29,081","16,266","6,811",936,66,"87,221","87,221","6,614","7,235","10,669","11,033","13,451","14,766","13,793","7,239","2,217",188,16,"88,018","88,018","6,077","6,657","8,593","9,770","12,154","15,060","15,288","9,027","4,594",748,50
4812531000,경상남도 창원시 마산합포구 구산면,"4,387","4,387",127,170,323,331,410,820,"1,118",702,328,58,0,"2,267","2,267",70,94,204,215,266,435,559,324,91,9,0,"2,120","2,120",57,76,119,116,144,385,559,378,237,49,0
4812532000,경상남도 창원시 마산합포구 진동면,"12,514","12,514","1,210","1,024","1,115","1,633","1,977","2,069","1,942","1,018",463,60,3,"6,420","6,420",650,503,623,867,"1,088","1,109",946,477,149,7,1,"6,094","6,094",560,521,492,766,889,960,996,541,314,53,2
4812533000,경상남도 창원시 마산합포구 진북면,"3,659","3,659",78,172,319,222,352,766,861,521,310,56,2,"1,959","1,959",44,92,192,135,215,450,469,255,99,8,0,"1,700","1,700",34,80,127,87,137,316,392,266,211,48,2
4812534000,경상남도 창원시 마산합포구 진전면,"4,014","4,014",67,148,270,181,328,747,961,740,491,80,1,"1,990","1,990",33,79,164,106,190,416,521,317,149,15,0,"2,024","2,024",34,69,106,75,138,331,440,423,342,65,1
4812551000,경상남도 창원시 마산합포구 현동,"14,521","14,521","2,333","1,199","1,281","2,771","2,404","1,939","1,579",714,265,36,0,"7,232","7,232","1,211",585,660,"1,359","1,287",956,739,347,81,7,0,"7,289","7,289","1,122",614,621,"1,412","1,117",983,840,367,184,29,0
4812552000,경상남도 창원시 마산합포구 가포동,659,659,31,28,71,63,75,118,157,70,38,6,2,338,338,13,15,45,37,34,64,80,38,9,3,0,321,321,18,13,26,26,41,54,77,32,29,3,2
4812553000,경상남도 창원시 마산합포구 월영동,"32,621","32,621","2,833","3,269","4,273","4,087","5,100","5,696","4,428","2,113",716,101,5,"16,163","16,163","1,461","1,724","2,384","2,083","2,468","2,722","2,106",968,229,18,0,"16,458","16,458","1,372","1,545","1,889","2,004","2,632","2,974","2,322","1,145",487,83,5
4812554000,경상남도 창원시 마산합포구 문화동,"11,608","11,608",566,829,"1,667","1,266","1,488","1,973","2,018","1,199",522,75,5,"5,754","5,754",286,422,945,712,755,970,932,549,168,14,1,"5,854","5,854",280,407,722,554,733,"1,003","1,086",650,354,61,4
4812556500,경상남도 창원시 마산합포구 반월중앙동,"15,361","15,361","1,030","1,401","1,708","1,659","2,340","2,585","2,392","1,498",661,79,8,"7,502","7,502",557,731,951,856,"1,209","1,250","1,070",639,219,20,0,"7,859","7,859",473,670,757,803,"1,131","1,335","1,322",859,442,59,8
4812557000,경상남도 창원시 마산합포구 완월동,"9,573","9,573",448,836,"1,178",919,"1,311","1,815","1,690",899,431,43,3,"4,674","4,674",229,401,630,526,662,865,811,403,136,11,0,"4,899","4,899",219,435,548,393,649,950,879,496,295,32,3
4812558000,경상남도 창원시 마산합포구 자산동,"11,218","11,218",552,975,"1,287","1,076","1,524","2,068","2,096","1,168",416,53,3,"5,522","5,522",300,564,714,585,747,963,982,517,139,10,1,"5,696","5,696",252,411,573,491,777,"1,105","1,114",651,277,43,2
4812561000,경상남도 창원시 마산합포구 교방동,"14,659","14,659","1,034","1,215","1,453","1,684","2,171","2,387","2,589","1,485",536,85,20,"7,254","7,254",542,627,812,889,"1,162","1,176","1,215",629,175,17,10,"7,405","7,405",492,588,641,795,"1,009","1,211","1,374",856,361,68,10
4812563000,경상남도 창원시 마산합포구 오동동,"20,294","20,294","1,214","1,197","2,088","2,521","3,131","3,364","3,689","2,121",857,106,6,"10,056","10,056",621,665,"1,117","1,320","1,745","1,653","1,710",913,288,22,2,"10,238","10,238",593,532,971,"1,201","1,386","1,711","1,979","1,208",569,84,4
4812564000,경상남도 창원시 마산합포구 합포동,"7,105","7,105",359,430,667,811,"1,028","1,235","1,371",791,364,46,3,"3,611","3,611",184,228,392,490,579,636,634,328,125,14,1,"3,494","3,494",175,202,275,321,449,599,737,463,239,32,2
4812565000,경상남도 창원시 마산합포구 산호동,"13,046","13,046",809,999,"1,562","1,579","1,966","2,244","2,190","1,227",413,52,5,"6,479","6,479",413,505,836,853,"1,044","1,101","1,019",535,160,13,0,"6,567","6,567",396,494,726,726,922,"1,143","1,171",692,253,39,5
4812700000,경상남도 창원시 마산회원구 ,"192,751","192,751","13,921","18,668","22,756","22,589","30,672","35,063","28,954","14,413","5,118",559,38,"96,813","96,813","7,231","9,811","12,506","11,950","15,554","17,476","13,797","6,575","1,793",112,8,"95,938","95,938","6,690","8,857","10,250","10,639","15,118","17,587","15,157","7,838","3,325",447,30
4812725000,경상남도 창원시 마산회원구 내서읍,"66,041","66,041","5,549","8,430","8,447","7,194","11,882","12,466","7,247","3,346","1,339",139,2,"33,222","33,222","2,874","4,437","4,642","3,653","5,664","6,405","3,622","1,479",427,19,0,"32,819","32,819","2,675","3,993","3,805","3,541","6,218","6,061","3,625","1,867",912,120,2
4812751000,경상남도 창원시 마산회원구 회원1동,"10,976","10,976",464,663,"1,054","1,085","1,494","1,900","2,286","1,408",561,55,6,"5,459","5,459",249,338,592,641,836,932,"1,024",621,211,15,0,"5,517","5,517",215,325,462,444,658,968,"1,262",787,350,40,6
4812752000,경상남도 창원시 마산회원구 회원2동,"7,661","7,661",337,613,788,710,"1,033","1,370","1,555",894,318,40,3,"3,819","3,819",185,326,438,372,557,681,753,398,99,10,0,"3,842","3,842",152,287,350,338,476,689,802,496,219,30,3
4812754500,경상남도 창원시 마산회원구 석전동,"17,187","17,187","1,178","1,262","1,915","2,373","2,356","3,007","2,918","1,623",506,47,2,"8,643","8,643",619,668,"1,014","1,324","1,272","1,474","1,341",734,185,10,2,"8,544","8,544",559,594,901,"1,049","1,084","1,533","1,577",889,321,37,0
4812755000,경상남도 창원시 마산회원구 회성동,"6,539","6,539",171,382,646,602,791,"1,274","1,434",829,361,43,6,"3,314","3,314",88,204,371,353,456,626,705,362,133,12,4,"3,225","3,225",83,178,275,249,335,648,729,467,228,31,2
4812756000,경상남도 창원시 마산회원구 양덕1동,"11,540","11,540",656,868,"1,351","1,418","1,679","2,029","2,149","1,031",321,35,3,"5,803","5,803",353,458,760,779,869,998,970,498,112,6,0,"5,737","5,737",303,410,591,639,810,"1,031","1,179",533,209,29,3
4812757000,경상남도 창원시 마산회원구 양덕2동,"32,333","32,333","3,304","3,548","3,563","4,317","5,670","5,487","4,097","1,702",567,77,1,"16,047","16,047","1,710","1,858","1,975","2,117","2,780","2,607","1,986",776,224,14,0,"16,286","16,286","1,594","1,690","1,588","2,200","2,890","2,880","2,111",926,343,63,1
4812758000,경상남도 창원시 마산회원구 합성1동,"9,672","9,672",701,641,"1,194","1,418","1,325","1,731","1,517",844,265,32,4,"4,932","4,932",372,335,656,787,711,859,721,390,93,7,1,"4,740","4,740",329,306,538,631,614,872,796,454,172,25,3
4812759000,경상남도 창원시 마산회원구 합성2동,"8,026","8,026",324,510,"1,053",861,"1,143","1,474","1,591",813,238,17,2,"4,012","4,012",157,267,568,497,616,732,702,395,74,4,0,"4,014","4,014",167,243,485,364,527,742,889,418,164,13,2
4812760000,경상남도 창원시 마산회원구 구암1동,"9,411","9,411",490,686,"1,049",981,"1,269","1,904","1,852",838,300,39,3,"4,700","4,700",239,367,592,544,671,928,859,380,113,7,0,"4,711","4,711",251,319,457,437,598,976,993,458,187,32,3
4812761000,경상남도 창원시 마산회원구 구암2동,"9,887","9,887",580,833,"1,346","1,197","1,459","1,754","1,670",787,232,26,3,"4,935","4,935",302,424,677,634,779,850,784,395,83,7,0,"4,952","4,952",278,409,669,563,680,904,886,392,149,19,3
4812762000,경상남도 창원시 마산회원구 봉암동,"3,478","3,478",167,232,350,433,571,667,638,298,110,9,3,"1,927","1,927",83,129,221,249,343,384,330,147,39,1,1,"1,551","1,551",84,103,129,184,228,283,308,151,71,8,2
4812900000,경상남도 창원시 진해구 ,"192,624","192,624","20,082","20,984","20,420","28,064","34,847","28,316","22,542","11,591","5,158",601,19,"98,566","98,566","10,460","10,873","11,523","14,629","18,442","14,534","10,968","5,232","1,771",129,5,"94,058","94,058","9,622","10,111","8,897","13,435","16,405","13,782","11,574","6,359","3,387",472,14
4812953000,경상남도 창원시 진해구 충무동,"17,597","17,597","1,620","1,903","2,168","2,344","3,009","2,253","2,115","1,409",684,88,4,"9,104","9,104",824,962,"1,361","1,277","1,623","1,194",993,610,239,20,1,"8,493","8,493",796,941,807,"1,067","1,386","1,059","1,122",799,445,68,3
4812954000,경상남도 창원시 진해구 여좌동,"9,003","9,003",395,713,908,763,"1,277","1,455","1,557","1,241",632,61,1,"4,467","4,467",216,392,524,434,665,730,711,524,251,19,1,"4,536","4,536",179,321,384,329,612,725,846,717,381,42,0
4812955000,경상남도 창원시 진해구 태백동,"5,234","5,234",209,306,521,418,636,949,"1,023",759,366,45,2,"2,647","2,647",112,164,301,238,364,505,493,332,123,14,1,"2,587","2,587",97,142,220,180,272,444,530,427,243,31,1
4812956000,경상남도 창원시 진해구 경화동,"11,497","11,497","1,127","1,045","1,167","1,679","1,777","1,850","1,605",853,348,42,4,"5,818","5,818",595,559,655,908,911,902,767,395,118,8,0,"5,679","5,679",532,486,512,771,866,948,838,458,230,34,4
4812957000,경상남도 창원시 진해구 병암동,"7,629","7,629",590,748,810,862,"1,294","1,216","1,109",656,312,30,2,"3,780","3,780",316,402,433,446,676,594,509,296,105,2,1,"3,849","3,849",274,346,377,416,618,622,600,360,207,28,1
4812958000,경상남도 창원시 진해구 석동,"17,426","17,426","1,559","2,435","2,203","2,254","3,435","2,665","1,847",722,267,37,2,"8,895","8,895",802,"1,262","1,231","1,180","1,677","1,361",938,333,102,9,0,"8,531","8,531",757,"1,173",972,"1,074","1,758","1,304",909,389,165,28,2
4812959000,경상남도 창원시 진해구 이동,"8,575","8,575",404,554,"1,001","1,055","1,313","1,542","1,579",789,296,42,0,"4,525","4,525",218,307,590,636,766,772,753,373,104,6,0,"4,050","4,050",186,247,411,419,547,770,826,416,192,36,0
4812960000,경상남도 창원시 진해구 자은동,"21,653","21,653","2,551","2,243","2,420","3,420","3,751","3,448","2,400",940,433,46,1,"10,794","10,794","1,302","1,162","1,302","1,711","1,885","1,661","1,212",421,127,11,0,"10,859","10,859","1,249","1,081","1,118","1,709","1,866","1,787","1,188",519,306,35,1
4812961000,경상남도 창원시 진해구 덕산동,"10,294","10,294","1,117","1,218","1,152","1,418","1,731","1,409","1,250",664,309,26,0,"5,062","5,062",571,644,643,711,867,696,558,274,92,6,0,"5,232","5,232",546,574,509,707,864,713,692,390,217,20,0
4812962000,경상남도 창원시 진해구 풍호동,"26,330","26,330","3,741","3,191","2,329","4,336","4,934","3,529","2,683","1,076",462,48,1,"13,130","13,130","1,987","1,596","1,290","2,026","2,542","1,667","1,339",516,159,8,0,"13,200","13,200","1,754","1,595","1,039","2,310","2,392","1,862","1,344",560,303,40,1
4812963000,경상남도 창원시 진해구 웅천동,"12,463","12,463","1,816",904,"1,264","2,495","1,968","1,708","1,317",626,325,39,1,"6,330","6,330",974,442,655,"1,260","1,060",873,672,276,108,10,0,"6,133","6,133",842,462,609,"1,235",908,835,645,350,217,29,1
4812964000,경상남도 창원시 진해구 웅동1동,"6,574","6,574",580,719,598,766,"1,127","1,108",946,453,240,37,0,"3,371","3,371",310,364,339,395,613,587,484,205,67,7,0,"3,203","3,203",270,355,259,371,514,521,462,248,173,30,0
4812965000,경상남도 창원시 진해구 웅동2동,"38,349","38,349","4,373","5,005","3,879","6,254","8,595","5,184","3,111","1,403",484,60,1,"20,643","20,643","2,233","2,617","2,199","3,407","4,793","2,992","1,539",677,176,9,1,"17,706","17,706","2,140","2,388","1,680","2,847","3,802","2,192","1,572",726,308,51,0
4817000000,경상남도 진주시 ,"347,519","347,519","29,055","35,793","44,840","42,221","54,667","57,852","43,899","25,348","12,067","1,685",92,"172,037","172,037","15,114","18,894","24,744","21,489","27,263","28,480","21,030","11,038","3,656",308,21,"175,482","175,482","13,941","16,899","20,096","20,732","27,404","29,372","22,869","14,310","8,411","1,377",71
4817025000,경상남도 진주시 문산읍,"8,467","8,467",684,688,848,999,"1,116","1,462","1,337",807,446,78,2,"4,285","4,285",374,365,477,526,598,767,708,338,118,14,0,"4,182","4,182",310,323,371,473,518,695,629,469,328,64,2
4817031000,경상남도 진주시 내동면,"4,174","4,174",393,469,416,435,690,680,552,330,179,27,3,"2,091","2,091",215,230,225,209,341,365,290,163,48,4,1,"2,083","2,083",178,239,191,226,349,315,262,167,131,23,2
4817032000,경상남도 진주시 정촌면,"7,531","7,531",852,469,962,"1,421","1,030","1,172",888,454,234,45,4,"3,865","3,865",432,254,539,757,570,554,478,210,65,6,0,"3,666","3,666",420,215,423,664,460,618,410,244,169,39,4
4817033000,경상남도 진주시 금곡면,"2,289","2,289",44,122,170,141,187,407,455,421,291,51,0,"1,085","1,085",20,68,99,85,120,218,230,155,83,7,0,"1,204","1,204",24,54,71,56,67,189,225,266,208,44,0
4817035000,경상남도 진주시 진성면,"1,975","1,975",48,65,138,135,165,370,465,301,253,33,2,962,962,24,32,75,79,100,205,233,128,77,9,0,"1,013","1,013",24,33,63,56,65,165,232,173,176,24,2
4817036000,경상남도 진주시 일반성면,"2,662","2,662",105,199,225,199,309,488,493,371,244,28,1,"1,293","1,293",52,103,138,96,180,253,256,150,59,5,1,"1,369","1,369",53,96,87,103,129,235,237,221,185,23,0
4817037000,경상남도 진주시 이반성면,"1,622","1,622",27,50,75,71,119,292,392,327,235,34,0,814,814,19,33,51,46,77,174,211,131,65,7,0,808,808,8,17,24,25,42,118,181,196,170,27,0
4817038000,경상남도 진주시 사봉면,"1,524","1,524",35,52,81,81,155,232,342,311,211,24,0,755,755,16,30,50,45,114,130,173,137,56,4,0,769,769,19,22,31,36,41,102,169,174,155,20,0
4817039000,경상남도 진주시 지수면,"1,497","1,497",38,75,107,74,163,261,289,263,186,40,1,748,748,18,33,68,47,109,150,143,128,46,6,0,749,749,20,42,39,27,54,111,146,135,140,34,1
4817040000,경상남도 진주시 대곡면,"3,304","3,304",66,162,227,184,299,593,672,602,430,66,3,"1,639","1,639",37,90,149,100,195,341,329,264,118,15,1,"1,665","1,665",29,72,78,84,104,252,343,338,312,51,2
4817041000,경상남도 진주시 금산면,"21,620","21,620","2,338","2,901","2,314","2,589","3,963","3,384","2,295","1,173",585,76,2,"10,849","10,849","1,229","1,532","1,335","1,277","1,943","1,673","1,128",532,188,12,0,"10,771","10,771","1,109","1,369",979,"1,312","2,020","1,711","1,167",641,397,64,2
4817042000,경상남도 진주시 집현면,"4,834","4,834",273,425,448,420,668,897,786,546,322,47,2,"2,419","2,419",138,221,259,216,361,492,403,225,97,7,0,"2,415","2,415",135,204,189,204,307,405,383,321,225,40,2
4817043000,경상남도 진주시 미천면,"1,649","1,649",18,65,94,59,132,303,357,330,257,33,1,800,800,7,39,56,36,86,171,199,135,64,7,0,849,849,11,26,38,23,46,132,158,195,193,26,1
4817044000,경상남도 진주시 명석면,"4,130","4,130",158,211,365,252,442,805,931,584,331,48,3,"2,055","2,055",80,110,202,144,248,422,479,260,100,9,1,"2,075","2,075",78,101,163,108,194,383,452,324,231,39,2
4817045000,경상남도 진주시 대평면,"1,100","1,100",27,50,112,56,103,202,235,163,127,24,1,531,531,11,25,65,26,62,111,131,68,29,3,0,569,569,16,25,47,30,41,91,104,95,98,21,1
4817046000,경상남도 진주시 수곡면,"2,237","2,237",58,111,142,107,234,421,471,374,293,25,1,"1,087","1,087",32,62,71,57,155,239,247,140,79,5,0,"1,150","1,150",26,49,71,50,79,182,224,234,214,20,1
4817051500,경상남도 진주시 천전동,"28,254","28,254","1,687","2,652","4,292","2,829","4,113","4,683","3,947","2,709","1,162",164,16,"13,880","13,880",878,"1,474","2,354","1,487","2,035","2,270","1,761","1,186",391,38,6,"14,374","14,374",809,"1,178","1,938","1,342","2,078","2,413","2,186","1,523",771,126,10
4817055500,경상남도 진주시 성북동,"10,981","10,981",505,762,"1,449","1,334","1,605","1,850","1,841","1,086",471,71,7,"5,429","5,429",273,409,766,727,843,885,845,501,168,11,1,"5,552","5,552",232,353,683,607,762,965,996,585,303,60,6
4817056500,경상남도 진주시 중앙동,"11,590","11,590",399,699,"1,146",918,"1,471","2,096","2,369","1,713",676,86,17,"5,626","5,626",218,388,654,531,824,"1,035","1,044",714,195,21,2,"5,964","5,964",181,311,492,387,647,"1,061","1,325",999,481,65,15
4817059500,경상남도 진주시 상봉동,"14,595","14,595",683,"1,141","1,908","1,403","2,009","2,733","2,430","1,548",661,77,2,"7,154","7,154",388,606,999,745,"1,074","1,325","1,121",670,216,10,0,"7,441","7,441",295,535,909,658,935,"1,408","1,309",878,445,67,2
4817067300,경상남도 진주시 상대동,"20,462","20,462","1,162","1,710","2,993","2,316","2,969","3,782","3,074","1,754",638,63,1,"10,159","10,159",598,876,"1,659","1,240","1,508","1,789","1,409",820,245,15,0,"10,303","10,303",564,834,"1,334","1,076","1,461","1,993","1,665",934,393,48,1
4817067800,경상남도 진주시 하대동,"25,633","25,633","1,531","2,715","3,911","2,776","3,934","5,173","3,396","1,498",615,81,3,"12,846","12,846",806,"1,441","2,208","1,534","1,861","2,457","1,659",689,176,13,2,"12,787","12,787",725,"1,274","1,703","1,242","2,073","2,716","1,737",809,439,68,1
4817068000,경상남도 진주시 상평동,"12,075","12,075",822,"1,144","1,549","1,473","1,840","2,142","1,831",910,319,43,2,"6,131","6,131",389,574,883,776,976,"1,080",898,423,122,10,0,"5,944","5,944",433,570,666,697,864,"1,062",933,487,197,33,2
4817069500,경상남도 진주시 초장동,"27,154","27,154","3,526","4,062","3,358","3,885","5,330","3,985","1,780",813,363,45,7,"13,761","13,761","1,908","2,275","1,867","1,813","2,486","2,026",914,358,102,9,3,"13,393","13,393","1,618","1,787","1,491","2,072","2,844","1,959",866,455,261,36,4
4817071000,경상남도 진주시 평거동,"28,476","28,476","2,280","3,724","4,207","3,138","4,979","5,252","2,705","1,375",713,103,0,"13,714","13,714","1,167","1,945","2,242","1,535","2,200","2,527","1,311",542,225,20,0,"14,762","14,762","1,113","1,779","1,965","1,603","2,779","2,725","1,394",833,488,83,0
4817071500,경상남도 진주시 신안동,"12,144","12,144",693,"1,185","1,721","1,237","1,685","2,193","1,899",995,470,65,1,"5,808","5,808",364,620,900,642,800,"1,003",856,447,162,13,1,"6,336","6,336",329,565,821,595,885,"1,190","1,043",548,308,52,0
4817072000,경상남도 진주시 이현동,"12,464","12,464",752,"1,342","1,661","1,156","1,864","2,446","1,814",990,372,62,5,"6,153","6,153",403,742,964,575,869,"1,183",852,453,99,12,1,"6,311","6,311",349,600,697,581,995,"1,263",962,537,273,50,4
4817073000,경상남도 진주시 판문동,"21,881","21,881","2,688","3,036","2,415","2,829","4,184","3,243","2,077",969,387,51,2,"10,483","10,483","1,367","1,469","1,284","1,284","2,001","1,604",973,385,109,7,0,"11,398","11,398","1,321","1,567","1,131","1,545","2,183","1,639","1,104",584,278,44,2
4817074000,경상남도 진주시 가호동,"25,838","25,838","2,366","2,714","4,763","3,898","4,112","3,771","2,485","1,214",449,64,2,"13,011","13,011","1,239","1,392","2,729","2,057","2,023","1,813","1,141",487,122,7,1,"12,827","12,827","1,127","1,322","2,034","1,841","2,089","1,958","1,344",727,327,57,1
4817075000,경상남도 진주시 충무공동,"25,357","25,357","4,797","2,793","2,743","5,806","4,797","2,534","1,291",417,147,31,1,"12,604","12,604","2,412","1,456","1,376","2,797","2,504","1,218",608,199,32,2,0,"12,753","12,753","2,385","1,337","1,367","3,009","2,293","1,316",683,218,115,29,1
4822000000,경상남도 통영시 ,"129,997","129,997","10,343","12,941","11,494","14,829","21,616","22,829","19,630","11,065","4,607",616,27,"65,363","65,363","5,203","6,712","6,318","7,673","11,707","11,630","9,607","4,978","1,415",112,8,"64,634","64,634","5,140","6,229","5,176","7,156","9,909","11,199","10,023","6,087","3,192",504,19
4822025000,경상남도 통영시 산양읍,"4,798","4,798",137,214,332,346,576,972,"1,020",732,408,59,2,"2,532","2,532",65,110,205,197,375,572,549,334,117,8,0,"2,266","2,266",72,104,127,149,201,400,471,398,291,51,2
4822031000,경상남도 통영시 용남면,"12,888","12,888","1,369","1,442","1,107","1,560","2,291","2,138","1,549",916,442,73,1,"6,450","6,450",670,741,584,748,"1,239","1,105",799,394,152,17,1,"6,438","6,438",699,701,523,812,"1,052","1,033",750,522,290,56,0
4822033000,경상남도 통영시 도산면,"2,943","2,943",71,132,178,160,286,534,728,538,280,36,0,"1,515","1,515",38,74,109,90,195,304,355,257,88,5,0,"1,428","1,428",33,58,69,70,91,230,373,281,192,31,0
4822034000,경상남도 통영시 광도면,"31,243","31,243","4,041","3,949","2,721","5,024","6,410","4,479","2,787","1,247",509,76,0,"15,803","15,803","2,056","2,041","1,445","2,460","3,403","2,292","1,389",557,148,12,0,"15,440","15,440","1,985","1,908","1,276","2,564","3,007","2,187","1,398",690,361,64,0
4822035000,경상남도 통영시 욕지면,"2,060","2,060",53,102,119,128,276,424,463,309,168,18,0,"1,134","1,134",26,65,64,89,174,249,237,168,60,2,0,926,926,27,37,55,39,102,175,226,141,108,16,0
4822036000,경상남도 통영시 한산면,"2,062","2,062",37,59,92,93,196,346,458,462,288,29,2,"1,047","1,047",16,30,54,55,130,225,245,201,85,6,0,"1,015","1,015",21,29,38,38,66,121,213,261,203,23,2
4822037000,경상남도 통영시 사량면,"1,509","1,509",19,38,72,79,121,322,363,282,190,21,2,754,754,10,18,51,54,72,182,198,117,49,3,0,755,755,9,20,21,25,49,140,165,165,141,18,2
4822051000,경상남도 통영시 도천동,"9,056","9,056",437,831,923,785,"1,319","1,749","1,590","1,002",371,46,3,"4,512","4,512",211,394,544,435,716,882,768,432,125,4,1,"4,544","4,544",226,437,379,350,603,867,822,570,246,42,2
4822053000,경상남도 통영시 명정동,"3,106","3,106",107,194,236,200,386,620,665,492,180,24,2,"1,533","1,533",43,92,140,102,237,331,325,200,57,6,0,"1,573","1,573",64,102,96,98,149,289,340,292,123,18,2
4822055000,경상남도 통영시 중앙동,"4,161","4,161",139,243,306,306,572,857,903,585,226,23,1,"2,051","2,051",62,119,168,180,349,437,418,239,72,7,0,"2,110","2,110",77,124,138,126,223,420,485,346,154,16,1
4822059000,경상남도 통영시 정량동,"9,161","9,161",523,668,731,948,"1,374","1,847","1,744",962,324,37,3,"4,682","4,682",261,349,411,537,824,911,829,451,103,6,0,"4,479","4,479",262,319,320,411,550,936,915,511,221,31,3
4822060000,경상남도 통영시 북신동,"10,818","10,818",743,995,"1,010","1,206","1,620","1,883","1,959","1,009",337,51,5,"5,219","5,219",377,518,560,643,817,836,857,474,125,9,3,"5,599","5,599",366,477,450,563,803,"1,047","1,102",535,212,42,2
4822066500,경상남도 통영시 미수동,"11,573","11,573",977,"1,422","1,074","1,254","2,020","2,049","1,749",733,260,34,1,"5,696","5,696",512,732,579,603,"1,043",984,867,311,57,7,1,"5,877","5,877",465,690,495,651,977,"1,065",882,422,203,27,0
4822067000,경상남도 통영시 봉평동,"10,566","10,566",557,984,981,"1,031","1,546","2,097","1,862","1,046",399,59,4,"5,414","5,414",259,528,564,573,857,"1,103",924,472,116,17,1,"5,152","5,152",298,456,417,458,689,994,938,574,283,42,3
4822070000,경상남도 통영시 무전동,"14,053","14,053","1,133","1,668","1,612","1,709","2,623","2,512","1,790",750,225,30,1,"7,021","7,021",597,901,840,907,"1,276","1,217",847,371,61,3,1,"7,032","7,032",536,767,772,802,"1,347","1,295",943,379,164,27,0
4824000000,경상남도 사천시 ,"111,268","111,268","8,478","10,403","10,844","12,367","17,807","18,520","15,788","10,670","5,581",784,26,"56,099","56,099","4,420","5,364","6,479","6,579","9,532","9,734","7,610","4,530","1,722",123,6,"55,169","55,169","4,058","5,039","4,365","5,788","8,275","8,786","8,178","6,140","3,859",661,20
4824025000,경상남도 사천시 사천읍,"18,710","18,710","1,535","1,989","2,407","2,545","3,360","3,112","1,915","1,116",628,97,6,"9,732","9,732",796,989,"1,411","1,427","1,797","1,656",968,475,196,17,0,"8,978","8,978",739,"1,000",996,"1,118","1,563","1,456",947,641,432,80,6
4824031000,경상남도 사천시 정동면,"10,682","10,682","1,078","1,290","1,128","1,318","1,957","1,666","1,075",706,400,64,0,"5,319","5,319",557,664,644,650,982,881,531,273,126,11,0,"5,363","5,363",521,626,484,668,975,785,544,433,274,53,0
4824032000,경상남도 사천시 사남면,"16,057","16,057","2,137","2,049","1,619","2,637","3,081","1,890","1,265",854,461,63,1,"8,397","8,397","1,153","1,045","1,016","1,394","1,647","1,048",594,364,127,9,0,"7,660","7,660",984,"1,004",603,"1,243","1,434",842,671,490,334,54,1
4824033000,경상남도 사천시 용현면,"7,822","7,822",723,639,549,974,"1,245","1,254","1,185",771,417,64,1,"3,890","3,890",350,340,322,480,706,629,584,338,128,13,0,"3,932","3,932",373,299,227,494,539,625,601,433,289,51,1
4824034000,경상남도 사천시 축동면,"1,671","1,671",50,57,130,105,190,304,382,244,188,21,0,884,884,28,33,77,62,119,189,201,108,62,5,0,787,787,22,24,53,43,71,115,181,136,126,16,0
4824035000,경상남도 사천시 곤양면,"3,529","3,529",111,172,290,211,356,630,723,609,381,43,3,"1,796","1,796",65,97,183,120,210,357,362,269,121,11,1,"1,733","1,733",46,75,107,91,146,273,361,340,260,32,2
4824036000,경상남도 사천시 곤명면,"2,930","2,930",83,100,177,161,278,555,661,517,356,40,2,"1,448","1,448",47,57,106,89,184,318,319,215,105,7,1,"1,482","1,482",36,43,71,72,94,237,342,302,251,33,1
4824037000,경상남도 사천시 서포면,"3,559","3,559",70,151,264,160,351,703,759,653,381,66,1,"1,764","1,764",38,79,165,96,228,395,366,288,104,4,1,"1,795","1,795",32,72,99,64,123,308,393,365,277,62,0
4824051000,경상남도 사천시 동서동,"6,382","6,382",192,324,431,485,766,"1,134","1,428","1,081",469,70,2,"3,115","3,115",103,166,260,298,447,583,646,454,149,9,0,"3,267","3,267",89,158,171,187,319,551,782,627,320,61,2
4824052000,경상남도 사천시 선구동,"5,324","5,324",241,340,506,484,736,"1,006",996,663,314,38,0,"2,632","2,632",121,189,315,265,410,493,464,271,98,6,0,"2,692","2,692",120,151,191,219,326,513,532,392,216,32,0
4824053000,경상남도 사천시 동서금동,"6,303","6,303",431,475,566,682,981,"1,091","1,051",712,274,34,6,"3,109","3,109",221,253,340,360,533,532,464,307,92,5,2,"3,194","3,194",210,222,226,322,448,559,587,405,182,29,4
4824055000,경상남도 사천시 벌용동,"15,622","15,622","1,127","1,708","1,618","1,489","2,545","2,917","2,204","1,345",607,61,1,"7,617","7,617",583,881,933,743,"1,220","1,458","1,046",551,194,8,0,"8,005","8,005",544,827,685,746,"1,325","1,459","1,158",794,413,53,1
4824057000,경상남도 사천시 향촌동,"6,915","6,915",359,659,680,603,"1,159","1,305","1,089",675,326,59,1,"3,561","3,561",177,345,421,323,615,709,554,301,106,9,1,"3,354","3,354",182,314,259,280,544,596,535,374,220,50,0
4824059500,경상남도 사천시 남양동,"5,482","5,482",334,441,470,494,768,905,992,658,354,64,2,"2,692","2,692",177,222,278,262,408,456,483,289,108,9,0,"2,790","2,790",157,219,192,232,360,449,509,369,246,55,2
4824089000,경상남도 사천시 신수출장소,280,280,7,9,9,19,34,48,63,66,25,0,0,143,143,4,4,8,10,26,30,28,27,6,0,0,137,137,3,5,1,9,8,18,35,39,19,0,0
4825000000,경상남도 김해시 ,"543,072","543,072","51,151","62,130","69,270","71,794","99,343","95,858","55,184","25,797","11,136","1,332",77,"274,740","274,740","26,104","32,422","37,545","36,918","49,373","49,401","28,127","11,121","3,443",263,23,"268,332","268,332","25,047","29,708","31,725","34,876","49,970","46,457","27,057","14,676","7,693","1,069",54
4825025000,경상남도 김해시 진영읍,"55,790","55,790","6,724","5,926","5,499","9,208","10,673","8,220","5,623","2,615","1,145",149,8,"28,713","28,713","3,441","3,091","3,038","4,772","5,749","4,233","2,821","1,188",353,25,2,"27,077","27,077","3,283","2,835","2,461","4,436","4,924","3,987","2,802","1,427",792,124,6
4825032000,경상남도 김해시 주촌면,"17,752","17,752","2,696","1,261","2,216","4,085","2,755","2,655","1,325",455,273,31,0,"9,045","9,045","1,341",645,"1,114","2,122","1,439","1,334",749,216,74,11,0,"8,707","8,707","1,355",616,"1,102","1,963","1,316","1,321",576,239,199,20,0
4825033000,경상남도 김해시 진례면,"6,693","6,693",236,358,639,560,861,"1,541","1,301",757,379,60,1,"3,630","3,630",136,197,383,311,534,887,707,328,139,8,0,"3,063","3,063",100,161,256,249,327,654,594,429,240,52,1
4825034000,경상남도 김해시 한림면,"7,806","7,806",219,342,680,621,773,"1,705","1,790","1,010",591,74,1,"4,245","4,245",121,201,432,396,502,972,974,466,168,13,0,"3,561","3,561",98,141,248,225,271,733,816,544,423,61,1
4825035000,경상남도 김해시 생림면,"3,819","3,819",78,127,324,256,364,863,904,590,279,33,1,"2,013","2,013",53,66,194,152,222,478,479,279,82,8,0,"1,806","1,806",25,61,130,104,142,385,425,311,197,25,1
4825036000,경상남도 김해시 상동면,"3,227","3,227",89,163,288,253,352,752,766,384,145,32,3,"1,783","1,783",54,84,168,158,216,436,416,195,49,6,1,"1,444","1,444",35,79,120,95,136,316,350,189,96,26,2
4825037000,경상남도 김해시 대동면,"6,296","6,296",180,230,497,459,602,"1,192","1,687",945,435,67,2,"3,265","3,265",79,134,306,276,341,638,892,442,139,17,1,"3,031","3,031",101,96,191,183,261,554,795,503,296,50,1
4825051000,경상남도 김해시 동상동,"10,039","10,039",582,740,"1,323","1,305","1,440","2,053","1,528",734,294,35,5,"5,124","5,124",295,373,748,741,744,"1,035",780,318,82,5,3,"4,915","4,915",287,367,575,564,696,"1,018",748,416,212,30,2
4825052000,경상남도 김해시 회현동,"9,638","9,638",665,599,"1,189","1,266","1,278","1,844","1,545",873,336,38,5,"4,896","4,896",350,327,670,657,683,918,785,375,122,8,1,"4,742","4,742",315,272,519,609,595,926,760,498,214,30,4
4825053000,경상남도 김해시 부원동,"10,218","10,218",645,692,"1,488","1,253","1,482","2,166","1,489",697,270,30,6,"5,241","5,241",352,372,798,687,752,"1,110",742,321,101,5,1,"4,977","4,977",293,320,690,566,730,"1,056",747,376,169,25,5
4825054000,경상남도 김해시 내외동,"74,641","74,641","5,036","8,177","12,496","8,448","12,391","16,199","7,168","3,127","1,429",161,9,"37,173","37,173","2,638","4,275","6,700","4,402","5,749","8,034","3,735","1,207",397,33,3,"37,468","37,468","2,398","3,902","5,796","4,046","6,642","8,165","3,433","1,920","1,032",128,6
4825055000,경상남도 김해시 북부동,"80,813","80,813","7,693","10,750","10,886","9,907","15,684","14,477","6,999","2,967","1,294",150,6,"40,524","40,524","3,955","5,681","5,870","4,936","7,442","7,437","3,549","1,230",393,31,0,"40,289","40,289","3,738","5,069","5,016","4,971","8,242","7,040","3,450","1,737",901,119,6
4825056500,경상남도 김해시 칠산서부동,"9,573","9,573",559,730,"1,275","1,001","1,372","2,022","1,532",729,324,28,1,"5,034","5,034",282,387,696,579,741,"1,092",827,319,109,2,0,"4,539","4,539",277,343,579,422,631,930,705,410,215,26,1
4825058000,경상남도 김해시 활천동,"41,271","41,271","2,753","3,988","6,276","4,629","6,680","8,798","4,983","2,210",852,91,11,"21,004","21,004","1,397","2,114","3,386","2,521","3,340","4,445","2,565",956,255,20,5,"20,267","20,267","1,356","1,874","2,890","2,108","3,340","4,353","2,418","1,254",597,71,6
4825059000,경상남도 김해시 삼안동,"34,323","34,323","1,747","3,315","5,875","3,164","5,313","7,701","4,368","1,896",858,82,4,"17,584","17,584",909,"1,742","3,301","1,767","2,593","3,900","2,302",791,263,15,1,"16,739","16,739",838,"1,573","2,574","1,397","2,720","3,801","2,066","1,105",595,67,3
4825060000,경상남도 김해시 불암동,"7,910","7,910",578,809,"1,028",851,"1,294","1,557","1,087",489,190,22,5,"3,995","3,995",304,399,548,454,637,795,561,221,67,7,2,"3,915","3,915",274,410,480,397,657,762,526,268,123,15,3
4825061000,경상남도 김해시 장유1동,"56,207","56,207","5,677","8,116","6,763","7,123","12,076","8,808","4,337","2,244",953,103,7,"28,070","28,070","2,854","4,173","3,643","3,531","5,888","4,633","2,063",941,319,22,3,"28,137","28,137","2,823","3,943","3,120","3,592","6,188","4,175","2,274","1,303",634,81,4
4825062000,경상남도 김해시 장유2동,"36,846","36,846","3,889","5,263","4,362","4,987","7,881","5,806","2,775","1,321",498,64,0,"18,502","18,502","1,953","2,723","2,330","2,537","3,826","3,090","1,337",543,148,15,0,"18,344","18,344","1,936","2,540","2,032","2,450","4,055","2,716","1,438",778,350,49,0
4825063000,경상남도 김해시 장유3동,"70,210","70,210","11,105","10,544","6,166","12,418","16,072","7,499","3,977","1,754",591,82,2,"34,899","34,899","5,590","5,438","3,220","5,919","7,975","3,934","1,843",785,183,12,0,"35,311","35,311","5,515","5,106","2,946","6,499","8,097","3,565","2,134",969,408,70,2
4827000000,경상남도 밀양시 ,"105,139","105,139","5,819","8,025","9,279","9,137","13,152","19,159","20,336","12,467","6,835",888,42,"51,488","51,488","2,964","4,224","5,342","4,813","6,973","9,684","9,866","5,372","2,085",160,5,"53,651","53,651","2,855","3,801","3,937","4,324","6,179","9,475","10,470","7,095","4,750",728,37
4827025000,경상남도 밀양시 삼랑진읍,"5,440","5,440",149,254,355,336,530,"1,044","1,348",908,450,64,2,"2,672","2,672",76,126,203,198,312,542,665,398,140,12,0,"2,768","2,768",73,128,152,138,218,502,683,510,310,52,2
4827025100,경상남도 밀양시 삼랑진임천출장소,"1,290","1,290",23,51,111,69,107,229,320,220,138,22,0,627,627,10,26,59,42,67,128,152,96,42,5,0,663,663,13,25,52,27,40,101,168,124,96,17,0
4827025300,경상남도 밀양시 하남읍,"7,250","7,250",297,445,524,531,800,"1,350","1,558","1,052",619,68,6,"3,608","3,608",158,236,306,307,483,702,747,465,192,11,1,"3,642","3,642",139,209,218,224,317,648,811,587,427,57,5
4827031000,경상남도 밀양시 부북면,"5,296","5,296",143,256,381,357,486,"1,055","1,288",781,480,68,1,"2,713","2,713",78,140,247,216,283,585,661,331,161,11,0,"2,583","2,583",65,116,134,141,203,470,627,450,319,57,1
4827032000,경상남도 밀양시 상동면,"3,106","3,106",66,95,172,160,218,576,894,546,331,48,0,"1,487","1,487",27,52,108,94,133,280,441,251,94,7,0,"1,619","1,619",39,43,64,66,85,296,453,295,237,41,0
4827033000,경상남도 밀양시 산외면,"2,889","2,889",76,133,195,175,277,577,688,479,252,34,3,"1,470","1,470",42,74,125,99,167,306,347,232,74,3,1,"1,419","1,419",34,59,70,76,110,271,341,247,178,31,2
4827034000,경상남도 밀양시 산내면,"3,950","3,950",100,210,223,198,374,765,"1,011",672,354,42,1,"2,020","2,020",50,112,146,118,241,397,524,325,102,5,0,"1,930","1,930",50,98,77,80,133,368,487,347,252,37,1
4827035000,경상남도 밀양시 단장면,"4,346","4,346",83,157,254,256,334,915,"1,223",683,389,49,3,"2,137","2,137",46,88,155,143,197,460,609,320,111,7,1,"2,209","2,209",37,69,99,113,137,455,614,363,278,42,2
4827036000,경상남도 밀양시 상남면,"8,647","8,647",498,565,699,721,"1,038","1,558","1,721","1,138",627,75,7,"4,275","4,275",242,302,418,384,590,781,883,472,188,15,0,"4,372","4,372",256,263,281,337,448,777,838,666,439,60,7
4827037000,경상남도 밀양시 초동면,"3,454","3,454",81,143,188,166,311,608,929,610,373,41,4,"1,717","1,717",43,75,110,105,202,314,458,285,117,7,1,"1,737","1,737",38,68,78,61,109,294,471,325,256,34,3
4827038000,경상남도 밀양시 무안면,"5,141","5,141",118,287,326,255,423,930,"1,253",866,591,89,3,"2,507","2,507",65,160,192,148,232,513,622,373,188,14,0,"2,634","2,634",53,127,134,107,191,417,631,493,403,75,3
4827039000,경상남도 밀양시 청도면,"1,767","1,767",39,57,78,72,125,284,495,343,244,30,0,851,851,18,31,52,37,80,133,262,155,78,5,0,916,916,21,26,26,35,45,151,233,188,166,25,0
4827051000,경상남도 밀양시 내일동,"2,854","2,854",77,158,264,213,319,560,604,440,195,20,4,"1,397","1,397",34,88,168,113,172,292,271,192,62,4,1,"1,457","1,457",43,70,96,100,147,268,333,248,133,16,3
4827052000,경상남도 밀양시 내이동,"15,001","15,001","1,251","1,321","1,842","1,942","2,272","2,700","2,141",991,460,79,2,"7,430","7,430",627,698,"1,038","1,015","1,160","1,330","1,007",395,140,20,0,"7,571","7,571",624,623,804,927,"1,112","1,370","1,134",596,320,59,2
4827053000,경상남도 밀양시 삼문동,"20,602","20,602","2,041","2,634","2,182","2,316","3,539","3,357","2,492","1,318",638,83,2,"9,918","9,918","1,062","1,384","1,229","1,085","1,678","1,627","1,114",531,189,19,0,"10,684","10,684",979,"1,250",953,"1,231","1,861","1,730","1,378",787,449,64,2
4827054000,경상남도 밀양시 가곡동,"8,026","8,026",394,666,808,715,"1,076","1,482","1,416",924,486,58,1,"3,730","3,730",208,329,422,372,519,739,642,342,143,14,0,"4,296","4,296",186,337,386,343,557,743,774,582,343,44,1
4827055000,경상남도 밀양시 교동,"6,080","6,080",383,593,677,655,923,"1,169",955,496,208,18,3,"2,929","2,929",178,303,364,337,457,555,461,209,64,1,0,"3,151","3,151",205,290,313,318,466,614,494,287,144,17,3
4831000000,경상남도 거제시 ,"247,096","247,096","27,979","27,969","24,770","38,752","47,480","38,780","25,048","10,594","4,906",777,41,"129,761","129,761","14,434","14,713","13,882","20,614","25,933","20,572","13,053","4,967","1,466",122,5,"117,335","117,335","13,545","13,256","10,888","18,138","21,547","18,208","11,995","5,627","3,440",655,36
4831031000,경상남도 거제시 일운면,"7,742","7,742",546,633,687,824,"1,224","1,591","1,252",605,335,42,3,"3,934","3,934",269,332,394,419,660,831,646,276,99,7,1,"3,808","3,808",277,301,293,405,564,760,606,329,236,35,2
4831032000,경상남도 거제시 동부면,"3,156","3,156",80,138,257,215,374,651,692,470,252,26,1,"1,631","1,631",47,73,148,129,223,349,345,228,85,3,1,"1,525","1,525",33,65,109,86,151,302,347,242,167,23,0
4831033000,경상남도 거제시 남부면,"1,603","1,603",30,63,91,91,164,333,389,273,150,19,0,808,808,14,35,52,54,99,193,209,104,44,4,0,795,795,16,28,39,37,65,140,180,169,106,15,0
4831034000,경상남도 거제시 거제면,"7,338","7,338",427,600,586,662,"1,012","1,305","1,331",812,498,96,9,"3,611","3,611",228,304,316,352,549,663,678,370,137,12,2,"3,727","3,727",199,296,270,310,463,642,653,442,361,84,7
4831035000,경상남도 거제시 둔덕면,"3,005","3,005",67,160,235,156,331,616,688,459,252,39,2,"1,549","1,549",34,94,152,92,193,319,367,213,79,6,0,"1,456","1,456",33,66,83,64,138,297,321,246,173,33,2
4831036000,경상남도 거제시 사등면,"12,272","12,272","1,570","1,093",967,"1,962","2,162","1,924","1,395",793,351,51,4,"6,380","6,380",792,552,546,995,"1,235","1,044",714,387,104,11,0,"5,892","5,892",778,541,421,967,927,880,681,406,247,40,4
4831036600,경상남도 거제시 사등면가조출장소,"1,114","1,114",34,56,77,74,115,235,281,164,65,13,0,577,577,21,32,45,48,67,125,155,64,17,3,0,537,537,13,24,32,26,48,110,126,100,48,10,0
4831037000,경상남도 거제시 연초면,"8,393","8,393",547,695,823,961,"1,422","1,703","1,240",613,335,53,1,"4,607","4,607",290,373,485,555,844,973,670,303,103,11,0,"3,786","3,786",257,322,338,406,578,730,570,310,232,42,1
4831038000,경상남도 거제시 하청면,"3,691","3,691",220,267,318,352,487,676,688,403,237,42,1,"1,918","1,918",113,151,167,198,303,359,342,200,79,6,0,"1,773","1,773",107,116,151,154,184,317,346,203,158,36,1
4831038500,경상남도 거제시 하청면칠천출장소,"1,105","1,105",28,31,62,67,111,209,261,204,109,23,0,557,557,16,17,33,39,71,118,140,89,30,4,0,548,548,12,14,29,28,40,91,121,115,79,19,0
4831039000,경상남도 거제시 장목면,"3,221","3,221",81,129,234,194,401,620,661,524,331,45,1,"1,623","1,623",44,78,125,110,261,338,330,231,100,6,0,"1,598","1,598",37,51,109,84,140,282,331,293,231,39,1
4831039500,경상남도 거제시 장목면외포출장소,"1,402","1,402",56,77,77,100,185,243,311,217,117,18,1,703,703,28,40,43,55,114,128,162,95,35,3,0,699,699,28,37,34,45,71,115,149,122,82,15,1
4831051000,경상남도 거제시 장승포동,"6,483","6,483",468,678,683,766,"1,253","1,259",833,356,161,19,7,"3,584","3,584",242,354,400,477,757,713,440,153,44,4,0,"2,899","2,899",226,324,283,289,496,546,393,203,117,15,7
4831053000,경상남도 거제시 능포동,"9,721","9,721",589,"1,021","1,049","1,008","1,714","2,004","1,515",581,208,29,3,"5,265","5,265",312,561,589,577,977,"1,070",824,280,68,6,1,"4,456","4,456",277,460,460,431,737,934,691,301,140,23,2
4831054000,경상남도 거제시 아주동,"27,572","27,572","4,738","3,307","2,478","6,355","5,833","2,902","1,352",397,179,31,0,"14,831","14,831","2,452","1,707","1,403","3,402","3,321","1,593",726,181,42,4,0,"12,741","12,741","2,286","1,600","1,075","2,953","2,512","1,309",626,216,137,27,0
4831055000,경상남도 거제시 옥포1동,"7,241","7,241",614,633,850,"1,105","1,332","1,344",954,294,99,16,0,"3,933","3,933",328,348,524,618,754,683,502,148,27,1,0,"3,308","3,308",286,285,326,487,578,661,452,146,72,15,0
4831056000,경상남도 거제시 옥포2동,"26,648","26,648","2,710","3,111","2,950","3,884","4,981","4,794","3,039",832,298,47,2,"13,904","13,904","1,395","1,678","1,603","2,077","2,628","2,382","1,642",407,89,3,0,"12,744","12,744","1,315","1,433","1,347","1,807","2,353","2,412","1,397",425,209,44,2
4831057000,경상남도 거제시 장평동,"20,814","20,814","1,669","2,311","2,875","3,535","4,481","3,706","1,628",432,147,29,1,"11,916","11,916",859,"1,215","1,737","2,260","2,674","2,069",841,223,33,5,0,"8,898","8,898",810,"1,096","1,138","1,275","1,807","1,637",787,209,114,24,1
4831058000,경상남도 거제시 고현동,"36,235","36,235","3,763","4,385","4,189","5,488","7,100","6,014","3,669","1,163",398,64,2,"18,671","18,671","1,967","2,283","2,286","2,896","3,657","3,053","1,840",556,120,13,0,"17,564","17,564","1,796","2,102","1,903","2,592","3,443","2,961","1,829",607,278,51,2
4831059000,경상남도 거제시 상문동,"34,630","34,630","6,079","4,863","3,066","7,101","7,370","3,765","1,592",564,190,39,1,"17,605","17,605","3,055","2,518","1,595","3,480","3,833","1,998",805,250,66,5,0,"17,025","17,025","3,024","2,345","1,471","3,621","3,537","1,767",787,314,124,34,1
4831060000,경상남도 거제시 수양동,"23,710","23,710","3,663","3,718","2,216","3,852","5,428","2,886","1,277",438,194,36,2,"12,154","12,154","1,928","1,968","1,239","1,781","2,713","1,571",675,209,65,5,0,"11,556","11,556","1,735","1,750",977,"2,071","2,715","1,315",602,229,129,31,2
4833000000,경상남도 양산시 ,"351,373","351,373","35,747","34,115","41,056","51,003","60,307","58,399","40,750","20,493","8,415","1,031",57,"176,340","176,340","18,280","17,537","21,988","26,164","30,646","29,471","20,024","9,121","2,882",218,9,"175,033","175,033","17,467","16,578","19,068","24,839","29,661","28,928","20,726","11,372","5,533",813,48
4833025300,경상남도 양산시 물금읍,"118,972","118,972","16,442","12,111","14,382","21,823","21,258","16,632","10,172","4,283","1,633",227,9,"58,851","58,851","8,391","6,233","7,130","10,806","10,654","8,156","4,989","1,944",512,35,1,"60,121","60,121","8,051","5,878","7,252","11,017","10,604","8,476","5,183","2,339","1,121",192,8
4833031000,경상남도 양산시 동면,"35,418","35,418","5,062","2,731","3,448","6,865","6,187","4,831","3,823","1,787",596,86,2,"17,944","17,944","2,597","1,366","1,880","3,463","3,351","2,377","1,822",868,201,19,0,"17,474","17,474","2,465","1,365","1,568","3,402","2,836","2,454","2,001",919,395,67,2
4833032000,경상남도 양산시 원동면,"3,386","3,386",81,105,183,206,287,642,918,615,300,47,2,"1,748","1,748",46,47,110,135,172,348,473,304,102,11,0,"1,638","1,638",35,58,73,71,115,294,445,311,198,36,2
4833033000,경상남도 양산시 상북면,"13,123","13,123",570,899,"1,376","1,146","1,719","2,871","2,480","1,373",599,81,9,"6,678","6,678",283,451,809,652,916,"1,476","1,277",597,197,17,3,"6,445","6,445",287,448,567,494,803,"1,395","1,203",776,402,64,6
4833034000,경상남도 양산시 하북면,"8,410","8,410",202,500,884,612,975,"1,976","1,838",874,461,81,7,"4,436","4,436",101,268,535,363,522,"1,053",999,424,151,20,0,"3,974","3,974",101,232,349,249,453,923,839,450,310,61,7
4833051000,경상남도 양산시 중앙동,"11,542","11,542",463,663,"1,460","1,268","1,463","2,500","2,271",994,400,52,8,"6,145","6,145",245,383,868,748,826,"1,294","1,166",469,129,16,1,"5,397","5,397",218,280,592,520,637,"1,206","1,105",525,271,36,7
4833051500,경상남도 양산시 양주동,"34,004","34,004","2,776","4,386","4,651","3,604","6,355","6,138","3,281","1,949",792,70,2,"16,484","16,484","1,416","2,296","2,452","1,748","2,905","3,040","1,499",810,303,14,1,"17,520","17,520","1,360","2,090","2,199","1,856","3,450","3,098","1,782","1,139",489,56,1
4833052000,경상남도 양산시 삼성동,"22,344","22,344","1,458","1,874","3,269","3,107","3,583","4,611","2,805","1,124",443,67,3,"11,696","11,696",750,989,"1,888","1,773","1,889","2,303","1,482",481,121,18,2,"10,648","10,648",708,885,"1,381","1,334","1,694","2,308","1,323",643,322,49,1
4833053000,경상남도 양산시 강서동,"9,153","9,153",781,"1,044","1,035","1,149","1,676","1,572","1,099",539,236,22,0,"4,601","4,601",396,482,556,627,847,830,547,244,71,1,0,"4,552","4,552",385,562,479,522,829,742,552,295,165,21,0
4833054000,경상남도 양산시 서창동,"28,836","28,836","2,556","3,328","3,261","3,564","5,477","4,895","3,387","1,652",628,79,9,"14,997","14,997","1,323","1,699","1,863","1,901","2,889","2,646","1,687",752,224,13,0,"13,839","13,839","1,233","1,629","1,398","1,663","2,588","2,249","1,700",900,404,66,9
4833055000,경상남도 양산시 소주동,"20,108","20,108","1,519","1,766","2,209","2,397","3,396","3,792","2,740","1,517",707,63,2,"10,018","10,018",759,902,"1,217","1,253","1,715","1,939","1,344",634,238,17,0,"10,090","10,090",760,864,992,"1,144","1,681","1,853","1,396",883,469,46,2
4833056000,경상남도 양산시 평산동,"31,017","31,017","2,612","3,326","3,192","3,374","5,557","5,121","3,930","2,671","1,129",101,4,"15,174","15,174","1,338","1,707","1,730","1,703","2,784","2,584","1,745","1,108",446,28,1,"15,843","15,843","1,274","1,619","1,462","1,671","2,773","2,537","2,185","1,563",683,73,3
4833057000,경상남도 양산시 덕계동,"15,060","15,060","1,225","1,382","1,706","1,888","2,374","2,818","2,006","1,115",491,55,0,"7,568","7,568",635,714,950,992,"1,176","1,425",994,486,187,9,0,"7,492","7,492",590,668,756,896,"1,198","1,393","1,012",629,304,46,0
4872000000,경상남도 의령군 ,"26,954","26,954","1,135","1,576","2,059","1,844","2,935","4,692","5,220","4,068","2,980",436,9,"13,180","13,180",577,850,"1,165",984,"1,708","2,569","2,729","1,649",854,93,2,"13,774","13,774",558,726,894,860,"1,227","2,123","2,491","2,419","2,126",343,7
4872025000,경상남도 의령군 의령읍,"9,495","9,495",725,900,966,987,"1,508","1,569","1,374",884,510,69,3,"4,680","4,680",378,474,523,469,812,838,657,378,134,17,0,"4,815","4,815",347,426,443,518,696,731,717,506,376,52,3
4872031000,경상남도 의령군 가례면,"1,723","1,723",35,62,105,97,144,329,398,275,240,37,1,858,858,18,37,56,59,91,187,228,107,65,10,0,865,865,17,25,49,38,53,142,170,168,175,27,1
4872032000,경상남도 의령군 칠곡면,"1,171","1,171",25,39,78,57,83,223,279,201,160,26,0,569,569,13,23,46,35,54,111,151,79,50,7,0,602,602,12,16,32,22,29,112,128,122,110,19,0
4872033000,경상남도 의령군 대의면,"1,027","1,027",32,26,69,51,71,177,219,201,157,23,1,491,491,12,17,41,31,44,99,120,81,41,5,0,536,536,20,9,28,20,27,78,99,120,116,18,1
4872034000,경상남도 의령군 화정면,"1,571","1,571",36,68,133,73,135,286,330,270,213,27,0,762,762,17,36,84,34,80,159,177,102,68,5,0,809,809,19,32,49,39,55,127,153,168,145,22,0
4872035000,경상남도 의령군 용덕면,"1,606","1,606",38,64,102,102,146,295,359,253,216,31,0,784,784,16,31,54,66,86,166,200,102,56,7,0,822,822,22,33,48,36,60,129,159,151,160,24,0
4872036000,경상남도 의령군 정곡면,"1,456","1,456",38,51,86,52,115,277,321,276,211,29,0,704,704,18,25,42,34,71,159,176,109,60,10,0,752,752,20,26,44,18,44,118,145,167,151,19,0
4872037000,경상남도 의령군 지정면,"1,841","1,841",35,65,118,95,150,328,438,360,221,30,1,931,931,16,33,73,50,98,174,245,166,68,7,1,910,910,19,32,45,45,52,154,193,194,153,23,0
4872038000,경상남도 의령군 낙서면,762,762,18,28,32,30,52,123,195,151,114,18,1,357,357,12,19,20,16,37,62,101,51,35,4,0,405,405,6,9,12,14,15,61,94,100,79,14,1
4872039000,경상남도 의령군 부림면,"2,896","2,896",94,173,217,146,308,515,549,532,311,51,0,"1,391","1,391",44,94,135,89,184,281,262,215,82,5,0,"1,505","1,505",50,79,82,57,124,234,287,317,229,46,0
4872040000,경상남도 의령군 봉수면,"1,025","1,025",26,40,47,58,78,146,238,198,168,26,0,532,532,17,27,26,41,60,85,141,76,55,4,0,493,493,9,13,21,17,18,61,97,122,113,22,0
4872041500,경상남도 의령군 궁류면,"1,174","1,174",14,32,45,45,63,207,256,238,241,33,0,552,552,9,19,34,23,39,117,138,96,74,3,0,622,622,5,13,11,22,24,90,118,142,167,30,0
4872042000,경상남도 의령군 유곡면,"1,207","1,207",19,28,61,51,82,217,264,229,218,36,2,569,569,7,15,31,37,52,131,133,87,66,9,1,638,638,12,13,30,14,30,86,131,142,152,27,1
4873000000,경상남도 함안군 ,"64,775","64,775","4,381","6,008","5,650","5,995","9,546","11,391","10,624","6,660","3,979",530,11,"32,826","32,826","2,194","3,213","3,252","3,066","5,182","6,242","5,494","2,878","1,191",111,3,"31,949","31,949","2,187","2,795","2,398","2,929","4,364","5,149","5,130","3,782","2,788",419,8
4873025000,경상남도 함안군 가야읍,"18,772","18,772","1,362","2,007","2,069","1,969","2,917","3,404","2,649","1,443",829,118,5,"9,469","9,469",704,"1,102","1,195",998,"1,504","1,775","1,321",596,244,30,0,"9,303","9,303",658,905,874,971,"1,413","1,629","1,328",847,585,88,5
4873025300,경상남도 함안군 칠원읍,"19,805","19,805","2,077","2,644","1,640","2,210","3,885","3,131","2,361","1,219",547,87,4,"10,024","10,024","1,011","1,396",907,"1,029","2,003","1,707","1,212",574,162,22,1,"9,781","9,781","1,066","1,248",733,"1,181","1,882","1,424","1,149",645,385,65,3
4873031000,경상남도 함안군 함안면,"2,425","2,425",66,119,167,154,221,428,543,411,285,31,0,"1,196","1,196",29,65,90,85,126,234,296,177,89,5,0,"1,229","1,229",37,54,77,69,95,194,247,234,196,26,0
4873032000,경상남도 함안군 군북면,"6,239","6,239",314,305,494,567,595,"1,077","1,240",911,645,89,2,"3,222","3,222",155,171,302,332,383,629,653,381,192,22,2,"3,017","3,017",159,134,192,235,212,448,587,530,453,67,0
4873033000,경상남도 함안군 법수면,"2,893","2,893",65,92,184,154,288,565,694,483,329,39,0,"1,468","1,468",32,52,111,100,188,328,359,192,97,9,0,"1,425","1,425",33,40,73,54,100,237,335,291,232,30,0
4873034000,경상남도 함안군 대산면,"3,514","3,514",71,136,248,153,318,615,797,680,435,61,0,"1,734","1,734",42,68,141,89,204,358,398,284,137,13,0,"1,780","1,780",29,68,107,64,114,257,399,396,298,48,0
4873035000,경상남도 함안군 칠서면,"5,510","5,510",324,478,453,464,830,"1,054",899,638,328,42,0,"2,844","2,844",172,226,260,246,464,608,480,284,100,4,0,"2,666","2,666",152,252,193,218,366,446,419,354,228,38,0
4873036000,경상남도 함안군 칠북면,"1,969","1,969",24,71,124,92,167,366,495,372,239,19,0,"1,014","1,014",9,41,78,57,113,217,262,156,79,2,0,955,955,15,30,46,35,54,149,233,216,160,17,0
4873038000,경상남도 함안군 산인면,"2,747","2,747",63,128,222,182,260,569,685,359,249,30,0,"1,394","1,394",30,74,139,99,154,291,371,169,64,3,0,"1,353","1,353",33,54,83,83,106,278,314,190,185,27,0
4873039000,경상남도 함안군 여항면,901,901,15,28,49,50,65,182,261,144,93,14,0,461,461,10,18,29,31,43,95,142,65,27,1,0,440,440,5,10,20,19,22,87,119,79,66,13,0
4874000000,경상남도 창녕군 ,"61,873","61,873","3,496","4,203","5,067","5,366","7,185","11,195","11,716","8,047","4,936",636,26,"30,755","30,755","1,802","2,262","2,920","2,961","4,016","5,929","5,859","3,433","1,465",106,2,"31,118","31,118","1,694","1,941","2,147","2,405","3,169","5,266","5,857","4,614","3,471",530,24
4874025000,경상남도 창녕군 창녕읍,"17,251","17,251","1,434","1,591","1,795","1,956","2,405","2,915","2,566","1,578",902,105,4,"8,574","8,574",737,829,994,"1,043","1,261","1,496","1,234",691,270,19,0,"8,677","8,677",697,762,801,913,"1,144","1,419","1,332",887,632,86,4
4874025300,경상남도 창녕군 남지읍,"12,325","12,325",999,933,956,"1,270","1,741","2,199","2,101","1,309",727,83,7,"6,178","6,178",518,507,544,661,988,"1,141","1,037",557,214,10,1,"6,147","6,147",481,426,412,609,753,"1,058","1,064",752,513,73,6
4874031000,경상남도 창녕군 고암면,"2,074","2,074",70,125,125,106,144,340,404,407,301,52,0,"1,031","1,031",29,77,77,60,92,180,228,172,103,13,0,"1,043","1,043",41,48,48,46,52,160,176,235,198,39,0
4874032000,경상남도 창녕군 성산면,"1,637","1,637",33,59,98,102,141,309,395,266,209,25,0,790,790,19,44,58,60,76,161,201,117,47,7,0,847,847,14,15,40,42,65,148,194,149,162,18,0
4874033000,경상남도 창녕군 대합면,"3,866","3,866",111,169,275,244,386,723,802,672,428,55,1,"1,978","1,978",51,107,178,142,235,440,407,276,135,7,0,"1,888","1,888",60,62,97,102,151,283,395,396,293,48,1
4874034000,경상남도 창녕군 이방면,"2,530","2,530",67,250,135,149,177,443,550,421,304,30,4,"1,205","1,205",35,104,81,90,114,229,271,183,88,9,1,"1,325","1,325",32,146,54,59,63,214,279,238,216,21,3
4874035000,경상남도 창녕군 유어면,"1,822","1,822",44,62,100,104,148,293,428,384,223,36,0,890,890,25,26,61,70,92,168,213,161,68,6,0,932,932,19,36,39,34,56,125,215,223,155,30,0
4874036000,경상남도 창녕군 대지면,"2,583","2,583",150,180,207,202,296,437,487,359,230,31,4,"1,337","1,337",86,109,125,114,178,254,247,142,77,5,0,"1,246","1,246",64,71,82,88,118,183,240,217,153,26,4
4874037000,경상남도 창녕군 계성면,"2,389","2,389",72,77,180,151,201,481,517,398,271,39,2,"1,187","1,187",38,39,109,94,112,280,263,167,81,4,0,"1,202","1,202",34,38,71,57,89,201,254,231,190,35,2
4874038000,경상남도 창녕군 영산면,"5,605","5,605",229,352,518,435,649,"1,159","1,123",710,382,48,0,"2,820","2,820",115,202,312,252,360,598,564,300,110,7,0,"2,785","2,785",114,150,206,183,289,561,559,410,272,41,0
4874039000,경상남도 창녕군 장마면,"1,863","1,863",44,54,93,113,148,345,411,367,257,31,0,906,906,26,33,59,67,89,191,214,145,76,6,0,957,957,18,21,34,46,59,154,197,222,181,25,0
4874040000,경상남도 창녕군 도천면,"2,790","2,790",105,162,219,199,300,520,622,385,236,40,2,"1,356","1,356",53,76,115,123,157,276,316,164,71,5,0,"1,434","1,434",52,86,104,76,143,244,306,221,165,35,2
4874041000,경상남도 창녕군 길곡면,"1,523","1,523",36,54,94,81,138,302,391,250,152,25,0,757,757,19,32,55,51,86,141,205,127,38,3,0,766,766,17,22,39,30,52,161,186,123,114,22,0
4874042000,경상남도 창녕군 부곡면,"3,615","3,615",102,135,272,254,311,729,919,541,314,36,2,"1,746","1,746",51,77,152,134,176,374,459,231,87,5,0,"1,869","1,869",51,58,120,120,135,355,460,310,227,31,2
4882000000,경상남도 고성군 ,"51,876","51,876","2,780","4,111","4,005","4,174","6,578","9,244","9,385","6,824","4,146",613,16,"26,048","26,048","1,407","2,240","2,369","2,287","3,688","4,997","4,695","2,983","1,265",113,4,"25,828","25,828","1,373","1,871","1,636","1,887","2,890","4,247","4,690","3,841","2,881",500,12
4882025000,경상남도 고성군 고성읍,"24,719","24,719","2,030","2,642","2,281","2,580","3,827","4,322","3,616","2,180","1,080",152,9,"12,389","12,389","1,028","1,460","1,316","1,326","2,013","2,214","1,744",922,339,24,3,"12,330","12,330","1,002","1,182",965,"1,254","1,814","2,108","1,872","1,258",741,128,6
4882031000,경상남도 고성군 삼산면,"1,784","1,784",47,88,86,96,180,309,442,329,180,27,0,923,923,28,52,53,66,113,171,233,151,52,4,0,861,861,19,36,33,30,67,138,209,178,128,23,0
4882032000,경상남도 고성군 하일면,"1,864","1,864",29,89,98,96,154,301,446,377,239,35,0,913,913,18,45,61,60,100,170,206,165,82,6,0,951,951,11,44,37,36,54,131,240,212,157,29,0
4882033000,경상남도 고성군 하이면,"2,810","2,810",111,186,258,192,336,504,563,399,219,42,0,"1,485","1,485",58,96,170,110,202,290,290,184,74,11,0,"1,325","1,325",53,90,88,82,134,214,273,215,145,31,0
4882034000,경상남도 고성군 상리면,"1,615","1,615",27,70,90,72,140,296,341,310,236,33,0,790,790,16,37,57,36,82,151,189,134,80,8,0,825,825,11,33,33,36,58,145,152,176,156,25,0
4882035000,경상남도 고성군 대가면,"1,666","1,666",27,60,90,81,131,307,379,318,236,37,0,848,848,13,30,55,51,80,186,200,157,63,13,0,818,818,14,30,35,30,51,121,179,161,173,24,0
4882036000,경상남도 고성군 영현면,882,882,20,35,47,37,56,129,191,210,134,23,0,389,389,10,17,24,19,32,66,90,90,38,3,0,493,493,10,18,23,18,24,63,101,120,96,20,0
4882037000,경상남도 고성군 영오면,"1,444","1,444",31,67,98,84,136,274,291,234,198,30,1,702,702,10,32,65,51,87,155,150,93,56,3,0,742,742,21,35,33,33,49,119,141,141,142,27,1
4882038000,경상남도 고성군 개천면,"1,141","1,141",32,72,72,46,78,190,253,187,176,34,1,558,558,17,40,44,29,48,103,133,79,57,8,0,583,583,15,32,28,17,30,87,120,108,119,26,1
4882039000,경상남도 고성군 구만면,"1,009","1,009",28,36,52,39,74,187,221,201,145,24,2,509,509,11,22,35,27,45,115,123,82,43,5,1,500,500,17,14,17,12,29,72,98,119,102,19,1
4882040000,경상남도 고성군 회화면,"3,634","3,634",153,271,287,262,425,642,775,495,282,42,0,"1,782","1,782",70,139,161,135,228,341,401,224,77,6,0,"1,852","1,852",83,132,126,127,197,301,374,271,205,36,0
4882041000,경상남도 고성군 마암면,"1,793","1,793",21,52,90,82,178,369,378,359,231,32,1,906,906,10,28,52,56,107,221,201,157,71,3,0,887,887,11,24,38,26,71,148,177,202,160,29,1
4882042000,경상남도 고성군 동해면,"3,142","3,142",65,147,178,183,305,582,702,577,350,52,1,"1,607","1,607",31,82,102,125,203,334,361,265,94,10,0,"1,535","1,535",34,65,76,58,102,248,341,312,256,42,1
4882043000,경상남도 고성군 거류면,"4,373","4,373",159,296,278,324,558,832,787,648,440,50,1,"2,247","2,247",87,160,174,196,348,480,374,280,139,9,0,"2,126","2,126",72,136,104,128,210,352,413,368,301,41,1
4884000000,경상남도 남해군 ,"43,149","43,149","1,626","3,016","3,273","2,562","4,687","7,463","8,022","6,820","4,838",824,18,"20,747","20,747",875,"1,614","1,970","1,338","2,542","3,950","3,910","2,954","1,450",143,1,"22,402","22,402",751,"1,402","1,303","1,224","2,145","3,513","4,112","3,866","3,388",681,17
4884025000,경상남도 남해군 남해읍,"13,179","13,179",891,"1,454","1,489","1,171","1,953","2,221","1,882","1,251",732,134,1,"6,449","6,449",464,774,887,576,942,"1,118",895,545,232,16,0,"6,730","6,730",427,680,602,595,"1,011","1,103",987,706,500,118,1
4884031000,경상남도 남해군 이동면,"3,786","3,786",78,197,241,172,351,667,751,710,534,84,1,"1,797","1,797",37,112,143,94,196,370,357,307,160,21,0,"1,989","1,989",41,85,98,78,155,297,394,403,374,63,1
4884032000,경상남도 남해군 상주면,"1,628","1,628",36,103,94,75,140,314,308,282,247,29,0,791,791,22,54,62,40,79,177,149,123,80,5,0,837,837,14,49,32,35,61,137,159,159,167,24,0
4884033000,경상남도 남해군 삼동면,"3,922","3,922",127,188,211,214,390,669,823,698,501,98,3,"1,888","1,888",77,105,121,115,220,371,407,310,147,14,1,"2,034","2,034",50,83,90,99,170,298,416,388,354,84,2
4884034000,경상남도 남해군 미조면,"2,387","2,387",96,180,191,145,262,497,486,322,174,33,1,"1,224","1,224",44,96,130,80,147,268,241,159,54,5,0,"1,163","1,163",52,84,61,65,115,229,245,163,120,28,1
4884035000,경상남도 남해군 남면,"3,614","3,614",80,224,205,161,334,587,707,701,527,83,5,"1,689","1,689",52,105,119,87,195,317,337,312,145,20,0,"1,925","1,925",28,119,86,74,139,270,370,389,382,63,5
4884036000,경상남도 남해군 서면,"2,653","2,653",53,94,131,109,227,426,534,534,474,70,1,"1,266","1,266",29,58,91,63,140,249,262,228,137,9,0,"1,387","1,387",24,36,40,46,87,177,272,306,337,61,1
4884037000,경상남도 남해군 고현면,"3,463","3,463",77,163,216,156,312,574,666,668,528,101,2,"1,615","1,615",42,98,117,85,189,295,324,288,153,24,0,"1,848","1,848",35,65,99,71,123,279,342,380,375,77,2
4884038000,경상남도 남해군 설천면,"2,907","2,907",51,123,170,116,217,497,647,556,433,94,3,"1,378","1,378",29,60,108,62,128,264,329,245,138,15,0,"1,529","1,529",22,63,62,54,89,233,318,311,295,79,3
4884039000,경상남도 남해군 창선면,"5,610","5,610",137,290,325,243,501,"1,011","1,218","1,098",688,98,1,"2,650","2,650",79,152,192,136,306,521,609,437,204,14,0,"2,960","2,960",58,138,133,107,195,490,609,661,484,84,1
4885000000,경상남도 하동군 ,"45,628","45,628","2,003","3,004","3,671","2,934","5,273","8,631","8,597","6,441","4,357",693,24,"22,723","22,723","1,057","1,597","2,181","1,629","2,945","4,691","4,417","2,738","1,322",142,4,"22,905","22,905",946,"1,407","1,490","1,305","2,328","3,940","4,180","3,703","3,035",551,20
4885025000,경상남도 하동군 하동읍,"10,162","10,162",617,915,"1,057",870,"1,438","1,853","1,595","1,138",597,80,2,"5,001","5,001",314,458,602,462,757,949,792,470,182,15,0,"5,161","5,161",303,457,455,408,681,904,803,668,415,65,2
4885031000,경상남도 하동군 화개면,"3,155","3,155",101,228,242,136,382,728,587,475,233,41,2,"1,606","1,606",51,126,134,76,204,417,307,198,84,8,1,"1,549","1,549",50,102,108,60,178,311,280,277,149,33,1
4885032000,경상남도 하동군 악양면,"3,550","3,550",105,192,215,156,369,728,738,586,385,73,3,"1,749","1,749",64,112,133,84,201,393,386,242,126,8,0,"1,801","1,801",41,80,82,72,168,335,352,344,259,65,3
4885033000,경상남도 하동군 적량면,"1,987","1,987",60,94,131,99,202,369,409,313,275,35,0,971,971,38,55,77,50,117,199,215,124,84,12,0,"1,016","1,016",22,39,54,49,85,170,194,189,191,23,0
4885034000,경상남도 하동군 횡천면,"1,915","1,915",53,75,126,107,165,371,408,301,266,42,1,932,932,25,41,73,61,96,195,215,136,77,12,1,983,983,28,34,53,46,69,176,193,165,189,30,0
4885035000,경상남도 하동군 고전면,"2,332","2,332",84,118,163,124,233,416,488,358,289,57,2,"1,156","1,156",49,56,105,80,135,235,255,147,85,9,0,"1,176","1,176",35,62,58,44,98,181,233,211,204,48,2
4885036000,경상남도 하동군 금남면,"3,525","3,525",101,135,293,191,354,681,737,584,387,60,2,"1,785","1,785",54,66,194,127,207,387,358,252,131,9,0,"1,740","1,740",47,69,99,64,147,294,379,332,256,51,2
4885037000,경상남도 하동군 진교면,"6,182","6,182",378,487,512,470,844,"1,091","1,056",745,509,87,3,"3,058","3,058",183,256,305,243,467,582,534,316,158,14,0,"3,124","3,124",195,231,207,227,377,509,522,429,351,73,3
4885038000,경상남도 하동군 양보면,"1,825","1,825",33,78,110,81,155,322,367,343,287,46,3,892,892,20,30,73,48,91,182,188,164,80,15,1,933,933,13,48,37,33,64,140,179,179,207,31,2
4885039000,경상남도 하동군 북천면,"1,807","1,807",79,89,105,118,167,308,360,309,237,33,2,870,870,33,52,56,65,98,174,197,122,63,9,1,937,937,46,37,49,53,69,134,163,187,174,24,1
4885040000,경상남도 하동군 청암면,"1,589","1,589",79,171,95,86,145,275,379,207,128,23,1,829,829,50,112,55,46,85,142,195,106,34,4,0,760,760,29,59,40,40,60,133,184,101,94,19,1
4885041000,경상남도 하동군 옥종면,"4,412","4,412",177,239,290,252,416,867,929,657,499,83,3,"2,200","2,200",98,131,160,134,248,483,489,292,146,19,0,"2,212","2,212",79,108,130,118,168,384,440,365,353,64,3
4885042000,경상남도 하동군 금성면,"3,187","3,187",136,183,332,244,403,622,544,425,265,33,0,"1,674","1,674",78,102,214,153,239,353,286,169,72,8,0,"1,513","1,513",58,81,118,91,164,269,258,256,193,25,0
4886000000,경상남도 산청군 ,"35,152","35,152","1,464","2,152","2,528","2,276","3,604","6,658","6,981","5,323","3,618",531,17,"17,246","17,246",776,"1,142","1,444","1,235","2,009","3,579","3,602","2,285","1,063",109,2,"17,906","17,906",688,"1,010","1,084","1,041","1,595","3,079","3,379","3,038","2,555",422,15
4886025000,경상남도 산청군 산청읍,"6,908","6,908",433,519,641,661,835,"1,201","1,120",855,540,99,4,"3,334","3,334",223,266,369,336,432,631,545,366,145,21,0,"3,574","3,574",210,253,272,325,403,570,575,489,395,78,4
4886031000,경상남도 산청군 차황면,"1,441","1,441",48,46,83,61,112,237,332,260,230,32,0,704,704,27,28,47,38,64,144,170,113,61,12,0,737,737,21,18,36,23,48,93,162,147,169,20,0
4886032000,경상남도 산청군 오부면,"1,061","1,061",38,49,41,47,90,171,199,210,190,26,0,510,510,20,31,16,27,58,105,104,83,63,3,0,551,551,18,18,25,20,32,66,95,127,127,23,0
4886033000,경상남도 산청군 생초면,"2,054","2,054",54,98,101,98,137,333,423,450,313,44,3,985,985,38,55,64,59,94,182,217,175,93,7,1,"1,069","1,069",16,43,37,39,43,151,206,275,220,37,2
4886034000,경상남도 산청군 금서면,"2,932","2,932",94,163,173,197,283,559,551,511,341,58,2,"1,446","1,446",49,89,92,116,162,304,294,214,111,15,0,"1,486","1,486",45,74,81,81,121,255,257,297,230,43,2
4886035000,경상남도 산청군 삼장면,"1,863","1,863",42,88,109,75,161,417,409,348,186,28,0,925,925,26,52,65,50,84,223,212,148,60,5,0,938,938,16,36,44,25,77,194,197,200,126,23,0
4886036000,경상남도 산청군 시천면,"4,193","4,193",145,294,323,232,480,891,863,581,334,48,2,"2,082","2,082",72,159,171,118,253,485,427,265,120,11,1,"2,111","2,111",73,135,152,114,227,406,436,316,214,37,1
4886037000,경상남도 산청군 단성면,"5,631","5,631",177,220,373,323,536,"1,176","1,289",899,566,69,3,"2,818","2,818",109,116,216,180,321,617,675,421,154,9,0,"2,813","2,813",68,104,157,143,215,559,614,478,412,60,3
4886038000,경상남도 산청군 신안면,"5,786","5,786",343,522,531,448,682,"1,116","1,044",580,460,58,2,"2,849","2,849",171,266,306,239,356,560,565,240,136,10,0,"2,937","2,937",172,256,225,209,326,556,479,340,324,48,2
4886039000,경상남도 산청군 생비량면,"1,201","1,201",44,41,59,59,102,181,299,234,147,35,0,574,574,22,19,39,31,65,111,154,89,37,7,0,627,627,22,22,20,28,37,70,145,145,110,28,0
4886040000,경상남도 산청군 신등면,"2,082","2,082",46,112,94,75,186,376,452,395,311,34,1,"1,019","1,019",19,61,59,41,120,217,239,171,83,9,0,"1,063","1,063",27,51,35,34,66,159,213,224,228,25,1
4887000000,경상남도 함양군 ,"39,353","39,353","1,912","3,013","3,217","2,723","4,502","7,015","7,032","5,570","3,795",541,33,"18,973","18,973",972,"1,552","1,840","1,414","2,460","3,713","3,492","2,269","1,140",114,7,"20,380","20,380",940,"1,461","1,377","1,309","2,042","3,302","3,540","3,301","2,655",427,26
4887025000,경상남도 함양군 함양읍,"18,551","18,551","1,368","1,941","1,942","1,705","2,685","3,286","2,617","1,804","1,056",138,9,"9,009","9,009",697,"1,000","1,093",842,"1,366","1,707","1,220",742,318,23,1,"9,542","9,542",671,941,849,863,"1,319","1,579","1,397","1,062",738,115,8
4887031000,경상남도 함양군 마천면,"2,187","2,187",46,116,112,97,196,471,471,384,249,41,4,"1,039","1,039",22,57,63,52,114,251,251,148,74,7,0,"1,148","1,148",24,59,49,45,82,220,220,236,175,34,4
4887032000,경상남도 함양군 휴천면,"1,619","1,619",35,75,78,71,156,311,326,319,213,34,1,806,806,18,37,41,41,96,195,181,125,67,5,0,813,813,17,38,37,30,60,116,145,194,146,29,1
4887033000,경상남도 함양군 유림면,"1,667","1,667",21,71,94,71,107,287,343,363,254,50,6,776,776,7,32,61,44,66,152,178,164,62,9,1,891,891,14,39,33,27,41,135,165,199,192,41,5
4887034000,경상남도 함양군 수동면,"2,409","2,409",74,143,200,147,215,399,508,396,290,37,0,"1,181","1,181",40,69,121,86,130,221,260,154,89,11,0,"1,228","1,228",34,74,79,61,85,178,248,242,201,26,0
4887035000,경상남도 함양군 지곡면,"2,087","2,087",68,105,110,113,185,352,432,407,281,34,0,"1,001","1,001",31,50,74,63,106,187,231,166,85,8,0,"1,086","1,086",37,55,36,50,79,165,201,241,196,26,0
4887036000,경상남도 함양군 안의면,"4,605","4,605",143,250,281,261,442,742,957,813,608,100,8,"2,185","2,185",72,133,160,142,279,386,468,325,194,23,3,"2,420","2,420",71,117,121,119,163,356,489,488,414,77,5
4887037000,경상남도 함양군 서하면,"1,451","1,451",27,51,85,60,105,274,366,237,222,24,0,696,696,15,32,52,35,62,140,186,97,73,4,0,755,755,12,19,33,25,43,134,180,140,149,20,0
4887038000,경상남도 함양군 서상면,"1,861","1,861",54,107,128,85,157,325,379,350,246,28,2,867,867,29,52,66,43,94,172,193,144,64,8,2,994,994,25,55,62,42,63,153,186,206,182,20,0
4887039000,경상남도 함양군 백전면,"1,559","1,559",44,72,87,61,132,304,364,277,189,28,1,766,766,25,40,50,38,76,151,188,124,65,9,0,793,793,19,32,37,23,56,153,176,153,124,19,1
4887040000,경상남도 함양군 병곡면,"1,357","1,357",32,82,100,52,122,264,269,220,187,27,2,647,647,16,50,59,28,71,151,136,80,49,7,0,710,710,16,32,41,24,51,113,133,140,138,20,2
4888000000,경상남도 거창군 ,"61,729","61,729","3,861","5,740","5,994","5,163","7,937","10,614","9,795","7,128","4,775",681,41,"30,135","30,135","2,000","3,068","3,503","2,647","4,101","5,447","4,784","2,921","1,505",150,9,"31,594","31,594","1,861","2,672","2,491","2,516","3,836","5,167","5,011","4,207","3,270",531,32
4888025000,경상남도 거창군 거창읍,"40,952","40,952","3,406","4,858","4,799","4,231","6,287","6,920","5,277","3,201","1,714",239,20,"20,147","20,147","1,759","2,598","2,795","2,091","3,091","3,424","2,490","1,284",563,48,4,"20,805","20,805","1,647","2,260","2,004","2,140","3,196","3,496","2,787","1,917","1,151",191,16
4888031000,경상남도 거창군 주상면,"1,554","1,554",25,59,93,60,111,280,352,289,250,35,0,758,758,12,35,55,34,75,152,186,122,81,6,0,796,796,13,24,38,26,36,128,166,167,169,29,0
4888032000,경상남도 거창군 웅양면,"1,904","1,904",43,91,136,84,170,332,362,379,268,36,3,936,936,25,50,80,47,101,197,171,153,102,10,0,968,968,18,41,56,37,69,135,191,226,166,26,3
4888033000,경상남도 거창군 고제면,"1,427","1,427",36,46,89,61,105,319,324,238,170,36,3,725,725,18,25,52,44,59,184,162,113,50,17,1,702,702,18,21,37,17,46,135,162,125,120,19,2
4888034000,경상남도 거창군 북상면,"1,540","1,540",31,55,80,62,131,276,330,307,233,34,1,749,749,16,31,46,33,87,154,168,136,68,9,1,791,791,15,24,34,29,44,122,162,171,165,25,0
4888035000,경상남도 거창군 위천면,"1,988","1,988",54,124,114,94,184,356,424,331,262,41,4,935,935,33,63,62,50,102,197,213,131,75,7,2,"1,053","1,053",21,61,52,44,82,159,211,200,187,34,2
4888036000,경상남도 거창군 마리면,"1,976","1,976",42,89,120,93,159,340,440,346,314,32,1,938,938,21,46,74,51,94,187,231,129,98,7,0,"1,038","1,038",21,43,46,42,65,153,209,217,216,25,1
4888037000,경상남도 거창군 남상면,"2,391","2,391",59,80,153,140,175,425,518,451,332,56,2,"1,150","1,150",29,49,90,97,106,212,273,190,92,12,0,"1,241","1,241",30,31,63,43,69,213,245,261,240,44,2
4888038000,경상남도 거창군 남하면,"1,435","1,435",31,50,80,62,110,230,326,264,246,34,2,668,668,14,26,42,38,71,124,169,111,66,6,1,767,767,17,24,38,24,39,106,157,153,180,28,1
4888039000,경상남도 거창군 신원면,"1,457","1,457",24,41,53,39,98,228,343,381,218,32,0,701,701,16,26,39,25,68,125,164,172,54,12,0,756,756,8,15,14,14,30,103,179,209,164,20,0
4888040000,경상남도 거창군 가조면,"3,743","3,743",92,192,225,195,314,662,792,668,528,73,2,"1,784","1,784",47,92,137,109,195,342,405,278,169,10,0,"1,959","1,959",45,100,88,86,119,320,387,390,359,63,2
4888041000,경상남도 거창군 가북면,"1,362","1,362",18,55,52,42,93,246,307,273,240,33,3,644,644,10,27,31,28,52,149,152,102,87,6,0,718,718,8,28,21,14,41,97,155,171,153,27,3
4889000000,경상남도 합천군 ,"44,621","44,621","1,683","2,538","3,157","2,745","4,435","7,945","8,768","7,349","5,310",656,35,"21,451","21,451",862,"1,327","1,819","1,521","2,527","4,347","4,410","2,940","1,558",136,4,"23,170","23,170",821,"1,211","1,338","1,224","1,908","3,598","4,358","4,409","3,752",520,31
4889025000,경상남도 합천군 합천읍,"11,492","11,492",857,"1,165","1,243","1,079","1,689","2,046","1,591","1,069",661,83,9,"5,592","5,592",449,598,661,541,874,"1,040",761,442,210,14,2,"5,900","5,900",408,567,582,538,815,"1,006",830,627,451,69,7
4889031000,경상남도 합천군 봉산면,"1,462","1,462",27,47,66,66,104,287,340,271,227,27,0,691,691,12,28,30,39,59,151,187,112,66,7,0,771,771,15,19,36,27,45,136,153,159,161,20,0
4889032000,경상남도 합천군 묘산면,"1,599","1,599",21,54,77,73,105,283,343,341,266,36,0,775,775,12,29,47,46,59,162,187,135,88,10,0,824,824,9,25,30,27,46,121,156,206,178,26,0
4889033000,경상남도 합천군 가야면,"4,347","4,347",120,207,288,239,417,881,921,753,466,53,2,"2,140","2,140",50,120,168,141,246,507,452,310,137,9,0,"2,207","2,207",70,87,120,98,171,374,469,443,329,44,2
4889034000,경상남도 합천군 야로면,"2,510","2,510",78,141,148,163,229,428,561,383,335,44,0,"1,185","1,185",36,78,83,96,132,218,285,148,101,8,0,"1,325","1,325",42,63,65,67,97,210,276,235,234,36,0
4889035000,경상남도 합천군 율곡면,"2,282","2,282",45,70,141,108,192,398,514,444,324,44,2,"1,147","1,147",25,33,98,71,115,252,262,182,104,5,0,"1,135","1,135",20,37,43,37,77,146,252,262,220,39,2
4889036000,경상남도 합천군 초계면,"2,526","2,526",71,131,205,148,242,426,542,435,283,41,2,"1,226","1,226",35,70,124,96,147,221,250,182,91,10,0,"1,300","1,300",36,61,81,52,95,205,292,253,192,31,2
4889037000,경상남도 합천군 쌍책면,"1,285","1,285",27,29,54,55,81,220,347,250,196,26,0,605,605,14,10,34,33,53,120,177,110,47,7,0,680,680,13,19,20,22,28,100,170,140,149,19,0
4889038000,경상남도 합천군 덕곡면,870,870,15,21,40,42,61,142,199,177,160,13,0,424,424,8,10,26,26,41,89,96,73,54,1,0,446,446,7,11,14,16,20,53,103,104,106,12,0
4889039000,경상남도 합천군 청덕면,"1,662","1,662",35,44,78,81,122,277,383,346,256,39,1,795,795,23,20,50,47,78,158,211,122,80,6,0,867,867,12,24,28,34,44,119,172,224,176,33,1
4889040000,경상남도 합천군 적중면,"1,468","1,468",34,59,85,73,101,249,297,305,244,18,3,673,673,14,27,51,42,65,128,152,115,76,2,1,795,795,20,32,34,31,36,121,145,190,168,16,2
4889041000,경상남도 합천군 대양면,"1,839","1,839",130,80,115,171,181,287,319,292,243,20,1,887,887,65,45,62,90,112,174,165,108,64,2,0,952,952,65,35,53,81,69,113,154,184,179,18,1
4889042000,경상남도 합천군 쌍백면,"1,790","1,790",41,48,72,64,117,297,391,405,321,34,0,833,833,24,27,46,42,81,169,206,147,82,9,0,957,957,17,21,26,22,36,128,185,258,239,25,0
4889043000,경상남도 합천군 삼가면,"3,334","3,334",83,133,222,146,301,580,689,657,454,62,7,"1,536","1,536",40,70,133,85,178,317,328,252,116,16,1,"1,798","1,798",43,63,89,61,123,263,361,405,338,46,6
4889044000,경상남도 합천군 가회면,"1,816","1,816",30,78,96,65,135,354,377,405,236,39,1,851,851,15,33,57,33,86,197,200,167,53,10,0,965,965,15,45,39,32,49,157,177,238,183,29,1
4889045000,경상남도 합천군 대병면,"2,122","2,122",38,146,125,86,177,403,456,359,290,35,7,"1,020","1,020",21,86,80,42,83,222,238,151,83,14,0,"1,102","1,102",17,60,45,44,94,181,218,208,207,21,7
4889046000,경상남도 합천군 용주면,"2,217","2,217",31,85,102,86,181,387,498,457,348,42,0,"1,071","1,071",19,43,69,51,118,222,253,184,106,6,0,"1,146","1,146",12,42,33,35,63,165,245,273,242,36,0